{
  "n_off": [
    0,
    100,
    500,
    1000,
    5000
  ],
  "x_axis_log_shift_plus_1": true,
  "convergence_metric": "first_t_where_rolling_subopt_rate_le_threshold_for_k_consecutive_window_ends",
  "convergence_window": 200,
  "convergence_threshold": 0.2,
  "convergence_k_sustain": 3,
  "cum_mistakes_n_off": 5000,
  "tfw_baseline_mean": [
    6989.291666666667,
    6883.375,
    6897.041666666667,
    6951.583333333333,
    6968.958333333333
  ],
  "tfw_hybrid_mean": [
    6925.958333333333,
    6936.208333333333,
    6917.875,
    6842.416666666667,
    5765.125
  ],
  "convergence_baseline_mean": [
    7720.291666666667,
    7663.583333333333,
    7615.416666666667,
    7814.833333333333,
    7615.333333333333
  ],
  "convergence_hybrid_mean": [
    7821.166666666667,
    7815.458333333333,
    7800.958333333333,
    7600.916666666667,
    5523.0
  ]
}