{
  "n_off": [
    0,
    100,
    500,
    1000,
    2000,
    5000
  ],
  "reward_model": "Bernoulli",
  "confidence_sets": "regression_Hoeffding",
  "confidence_delta": 0.05,
  "gamma_exp3": 0.01,
  "tfw_baseline_mean": [
    3304.8958333333335,
    3304.8958333333335,
    3304.8958333333335,
    3304.8958333333335,
    3304.8958333333335,
    3304.8958333333335
  ],
  "tfw_hybrid_mean": [
    4227.25,
    3604.1875,
    5509.291666666667,
    7172.3125,
    467.75,
    0.0
  ],
  "convergence_baseline_mean": [
    4499.958333333333,
    4499.958333333333,
    4499.958333333333,
    4499.958333333333,
    4499.958333333333,
    4499.958333333333
  ],
  "convergence_hybrid_mean": [
    5282.75,
    4666.25,
    6285.541666666667,
    7675.083333333333,
    689.375,
    202.0
  ],
  "theorem1_offline_transfer_rate_hybrid_mean": [
    NaN,
    0.0,
    0.0,
    0.0,
    0.041666666666666664,
    0.5625
  ],
  "offline_m0_nonempty_rate_hybrid_mean": [
    NaN,
    0.0,
    0.7708333333333334,
    1.0,
    1.0,
    1.0
  ]
}