{
  "n_off": [
    0,
    100,
    500,
    1000,
    5000
  ],
  "x_axis_log_shift_plus_1": true,
  "convergence_metric": "first_t_where_rolling_subopt_rate_le_threshold_for_k_consecutive_window_ends",
  "convergence_window": 200,
  "convergence_threshold": 0.2,
  "convergence_k_sustain": 3,
  "cum_mistakes_n_off": 5000,
  "tfw_baseline_mean": [
    3044.75,
    2960.3333333333335,
    2785.75,
    3043.0,
    3079.2916666666665
  ],
  "tfw_hybrid_mean": [
    2838.0833333333335,
    2929.0416666666665,
    2762.4166666666665,
    2382.7083333333335,
    1536.5416666666667
  ],
  "convergence_baseline_mean": [
    5329.541666666667,
    5085.75,
    4550.625,
    5302.25,
    5341.625
  ],
  "convergence_hybrid_mean": [
    4942.416666666667,
    5057.875,
    5071.041666666667,
    4440.833333333333,
    371.7083333333333
  ]
}