{
  "n_off": [
    0,
    100,
    500,
    1000,
    5000
  ],
  "x_axis_log_shift_plus_1": true,
  "convergence_metric": "first_t_where_rolling_mean_subopt_le_half_initial_window",
  "cum_mistakes_n_off": 5000,
  "tfw_baseline_mean": [
    3019.4166666666665,
    2864.75,
    2874.8333333333335,
    3013.8333333333335,
    3050.75
  ],
  "tfw_hybrid_mean": [
    2889.75,
    2875.5833333333335,
    2660.9166666666665,
    2382.6666666666665,
    1526.0
  ],
  "convergence_baseline_mean": [
    3135.25,
    2931.3333333333335,
    3087.0833333333335,
    3131.4166666666665,
    3175.3333333333335
  ],
  "convergence_hybrid_mean": [
    2962.75,
    3047.5,
    3619.9166666666665,
    4290.416666666667,
    5877.75
  ]
}