{
  "n_off_fixed": 1000,
  "tfw_good_mean": 3.5416666666666665,
  "tfw_neutral_mean": 7331.729166666667,
  "tfw_poor_mean": 6858.5625,
  "subopt_at_a_star_good_mean": 0.002239791671789067,
  "subopt_at_a_star_neutral_mean": 0.9834682252337013,
  "subopt_at_a_star_poor_mean": 0.9358950721770342,
  "success_good_mean": 1.0,
  "success_neutral_mean": 0.026875000000000007,
  "success_poor_mean": 0.08920833333333333
}