{
  "n_off_fixed": 1000,
  "tfw_good_mean": 3091.4166666666665,
  "tfw_poor_mean": 2227.5,
  "success_good_mean": 0.8388333333333334,
  "success_poor_mean": 0.8513333333333333
}