{
  "n_off_fixed": 1000,
  "tfw_good_mean": 3177.7083333333335,
  "tfw_poor_mean": 2246.9166666666665,
  "success_good_mean": 0.8274166666666667,
  "success_poor_mean": 0.843
}